mileage,engine_capacity,manufacture_year,model,fuel_type_Petrol,price
1200,1200,2010,March,True,6150000
110000,1250,2007,March,True,4350000
180000,660,2016,Dayz,True,5500000
38854,650,2016,Dayz,True,5885000
17000,660,2023,Roox Highway Star X,False,8375000
60000,650,2019,Dayz,True,5680000
18000,660,2023,Dayz,False,8075000
2900,990,2025,Magnite,True,8950000
47000,990,2018,Vitz,True,8500000
98000,1200,2017,Note,True,7900000
107267,650,2015,Dayz,True,5950000
89000,1000,2014,Leaf,False,5500000
109999,650,2018,Dayz,True,6350000
99000,650,2015,Dayz,True,5600000
119250,650,2017,Dayz,True,6475000
132000,1240,2007,March,True,4750000
84071,650,2016,Dayz,True,5790000
107600,2000,2016,Dayz,True,5850000
44000,1200,2020,Note,True,8700000
83500,660,2018,Wagon R Stingray,True,7050000
8000,660,2023,Dayz,False,7985000
171000,1500,2009,Note,True,4750000
3619,660,2024,Clipper,True,7850000
104000,1200,2016,Note,False,7500000
120000,1330,2012,Fit,True,6380000
105415,650,2015,Dayz,True,5690000
17000,660,2023,Roox,False,9175000
81006,660,2017,Wagon R Fx,False,6295000
143000,1490,2013,Fit,True,7350000
220000,650,2016,Wagon R,True,5600000
118000,660,2015,Wagon R Fz,False,5745000
158000,990,2017,Baleno,True,9000000
145000,660,2018,Wagon R,False,6295000
120898,650,2016,Spacia,False,6890000
100450,1000,2015,Celerio,True,5100000
119603,650,2014,Wagon R Fz,False,5750000
30000,660,2023,Alto,False,6500000
92744,650,2018,Wagon R Stingray,True,7190000
75794,6550,2017,Wagon R Stingray,True,6925001
55000,660,2018,Wagon R,True,6850000
150000,650,2016,Spacia,True,5800000
84000,660,2018,Spacia,True,7090000
92000,1000,2017,Swift,True,8200000
120000,1330,2012,Fit,True,6380000
69597,650,2018,Wagon R Fz,False,6750001
129000,660,2017,Alto,True,5375000
116012,650,2017,Wagon R Fx,False,6190000
1830,660,2024,Spacia,False,9550000
64000,1000,2018,Celerio,True,5725000
93000,1000,2017,Celerio,True,5275000
47000,990,2018,Vitz,True,8500000
57500,650,2015,Wagon R,True,5750000
108542,650,2015,Wagon R Fz,False,5390000
120000,650,2014,Wagon R Stingray,False,5540000
111941,650,2017,Alto,True,5230000
37826,650,2017,Wagon R Fz,False,6990000
64000,1300,2013,Fit,False,6750000
161817,650,2015,Hustler,False,5890000
90000,660,2018,Wagon R Fx,True,6175000
78000,660,2014,Wagon R Stingray,False,5680000
155000,660,2015,Hustler,False,5565000
113000,660,2017,Wagon R Fz,False,6950000
78000,1000,2019,Celerio,True,5790000
172000,1320,2005,Swift,True,5290000
82000,650,2017,Wagon R Fx,False,6350000
86669,650,2018,Wagon R Fz,False,6790000
90000,1300,2007,Swift,True,5400000
128000,1000,2017,Baleno,True,7250000
153000,1320,2005,Swift,True,5100000
110009,1400,2014,Swift,True,6800000
45000,650,2017,Wagon R Fx,True,6700000
41325,660,2018,Wagon R Stingray,False,7100000
129000,650,2014,Wagon R Stingray,False,5475000
113000,1300,2009,Swift,True,5100000
124000,1000,2014,Passo,True,5550000
5000,660,2024,Alto,False,7025000
59200,660,2018,Wagon R Fx,False,5800000
75794,650,2017,Wagon R Stingray,False,6925000
2000,650,2024,Alto,False,6895000
90676,650,2014,Wagon R Stingray,False,5990000
83500,660,2018,Wagon R Stingray,True,7050000
60000,660,2014,Wagon R Stingray,False,6200000
100000,660,2018,Wagon R Stingray,True,7000000
177097,650,2015,Wagon R Stingray,False,5590000
82143,650,2018,Wagon R,False,6950000
96500,1000,2017,Swift,True,8250000
53000,660,2014,Wagon R Stingray,False,5800000
106000,660,2017,Alto,True,5200000
66367,650,2018,Wagon R Stingray,False,7090000
99000,1000,2017,Swift,True,7750000
36131,650,2018,Wagon R Fz,False,6895001
73800,650,2017,Wagon R Fz,True,6390000
94578,650,2015,Hustler,False,5890000
78944,1000,2017,Swift,True,7975000
105000,660,2016,Alto,True,5350000
125000,800,2007,Maruti,True,2050000
62247,650,2019,Wagon R Stingray,True,7500000
142147,1300,2006,Swift,True,4990000
120000,650,2016,Spacia,True,5850000
75876,650,2018,Wagon R Fz,False,6790001
142000,660,2015,Spacia,True,6490000
95000,650,2015,Wagon R,False,6375000
55000,650,2017,Wagon R Fz,False,6650000
62150,660,2018,Wagon R,True,7500000
64433,650,2018,Wagon R Fz,False,6750000
107000,1000,2015,Celerio,True,4650000
102400,1000,2014,Celerio,True,4750000
97246,650,2017,Wagon R Fx,True,5825000
108452,650,2016,Wagon R Stingray,False,5625000
128000,1300,2011,Fit,True,6200000
137000,1300,2010,Swift,True,5975000
160000,1500,2007,Swift,True,5375000
131200,6600,2016,Hustler,True,5575000
98000,1000,2015,Celerio,True,4975000
77317,650,2018,Wagon R Fz,False,6875000
238000,650,2017,Wagon R Fz,True,6300000
200000,1000,2007,Vitz,True,5375000
72841,1000,2015,Celerio,True,5500000
106889,800,2007,Alto,True,3550000
66674,998,2016,Alto,True,4590000
110000,1400,2011,Swift,True,5550000
116000,1000,2016,Celerio,True,4975000
109000,650,2017,Alto,True,5500000
80000,650,2017,Wagon R Fz,False,6600000
96000,1000,2016,Celerio,True,4975000
74300,650,2017,Alto,True,5350000
19760,660,2023,Wagon R Stingray,True,8650000
94885,650,2017,Wagon R Fx,False,6330000
120000,1000,2017,Swift,True,7500000
103000,1000,2014,Celerio,True,4675000
58826,650,2018,Wagon R Fz,False,6950000
80000,1000,2016,Celerio,True,5225000
98450,660,2017,Alto,True,5400000
76675,650,2018,Wagon R Fz,False,6850000
64000,1000,2018,Baleno,True,7790000
190000,660,2016,Spacia,True,6000000
89363,650,2018,Wagon R Fz,False,6690000
157690,1300,2007,Swift,True,5250000
78000,990,2017,Swift,True,7990000
107800,1000,2015,Alto,True,4890000
106250,650,2017,Wagon R Fx,True,6350000
122000,660,2017,Wagon R Fz,False,6750000
79000,650,2015,Wagon R Fx,False,5850000
105100,650,2018,Wagon R,True,6700000
60000,1000,2015,Celerio,True,5000000
85000,660,2017,Wagon R,True,7100000
117000,650,2018,Wagon R Stingray,False,7150000
79000,660,2018,Wagon R Stingray,False,7200000
144000,1300,2008,Swift,True,5800000
100000,1000,2011,A-Star,True,4200000
62800,658,2018,Wagon R,False,6985000
48000,1000,2018,Celerio,True,5825000
108000,600,2018,Wagon R Fx,True,6100000
76470,650,2018,Wagon R Fz,False,6790000
119000,650,2017,Wagon R Fx,False,6000000
150000,650,2015,Wagon R Stingray,False,5750000
78195,650,2018,Wagon R Fx,False,5975000
122000,1000,2015,Celerio,True,4800000
79000,660,2019,Wagon R Stingray,True,7400000
106000,650,2014,Wagon R Stingray,True,5650000
5000,650,2023,Alto,True,6545000
103323,1240,2017,Swift,False,8395000
140000,660,2015,Wagon R Stingray,False,5750000
77000,650,2018,Wagon R Stingray,False,6800000
78000,660,2017,Wagon R Fz,False,6175000
148000,660,2015,Wagon R Stingray,False,5650000
50000,660,2025,Wagon R Stingray,False,8800000
63024,650,2017,Wagon R Stingray,True,7090000
52600,650,2018,Wagon R Stingray,False,7000000
109000,660,2014,Wagon R Stingray,True,5625000
87800,660,2016,Alto,True,5200000
130000,996,2015,Celerio,True,5300000
74156,650,2017,Wagon R Fz,False,6650000
112000,1000,2017,Swift,True,8290000
172000,650,2015,Wagon R,True,5650000
117500,990,2017,Swift,True,7900000
129000,1000,2016,Celerio,True,5375000
146000,1000,2016,Celerio,True,5250000
132765,650,2007,Alto,True,4290000
145000,1000,2011,A-Star,True,4485000
3500,660,2024,Wagon R Fx,False,7500000
131287,998,2011,A-Star,True,4590001
134000,660,2017,Hustler,False,5850000
106364,650,2018,Wagon R Fz,False,6590000
107000,660,2017,Wagon R Fx,True,6100000
190000,660,2016,Wagon R Fx,True,5950000
93000,1000,2015,Celerio,True,4925000
20000,660,2023,Spacia,False,8450000
155000,650,2017,Wagon R Stingray,True,6850000
8000,650,2024,Wagon R Fx,True,7490000
48000,650,2016,Wagon R Fx,True,5850000
60000,1200,2017,Swift,False,8050000
81300,650,2017,Wagon R Fz,True,6500000
15600,1240,2011,Swift,True,5495000
108700,998,2017,Celerio,True,5500000
84900,650,2015,Wagon R Fz,False,5990000
94000,1000,2013,A-Star,True,4475000
45000,650,2017,Wagon R,True,6500000
178000,650,2014,Wagon R Stingray,True,5520000
87570,996,2015,Celerio,True,5275000
146982,650,2018,Wagon R Fx,False,6375000
74273,650,2018,Wagon R Fz,False,6895002
94211,650,2014,Wagon R Fz,False,5575000
116811,998,2013,A-Star,True,4690000
18326,650,2024,Hustler,False,8000000
112000,650,2016,Spacia,True,6275000
130000,660,2017,Hustler,False,5700000
68311,650,2018,Wagon R Stingray,False,6895000
119220,1300,2008,Swift,True,5290000
93000,1500,2014,Aqua,True,7600000
97000,1000,2018,Swift,True,8400000
10000,650,2023,Wagon R Fx,False,7290000
88000,660,2014,Wagon R Stingray,False,5675000
126000,660,2017,Wagon R Fz,False,6200000
142000,1300,2007,Swift,True,5300000
173785,1320,2005,Swift,True,5250000
59392,650,2018,Wagon R Stingray,False,6990002
70000,1200,2017,Swift,True,8900000
87645,650,2017,Wagon R Fz,False,6890000
82699,650,2017,Wagon R Fx,False,6090000
9500,650,2024,Hustler,True,8250000
74800,650,2017,Wagon R Fz,False,6800000
131000,660,2017,Wagon R Fx,True,5550000
54149,1000,2015,Celerio,True,5200000
158000,1300,2009,Swift,True,5600000
90000,1000,2011,A-Star,True,3850000
54000,660,2018,Wagon R,False,7550000
141500,1240,2007,Swift,True,4750000
159945,650,2016,Alto,True,5275000
68206,650,2018,Wagon R Fz,False,6790000
105000,650,2016,Wagon R Stingray,True,5800000
122300,660,2017,Wagon R Fx,False,5900000
123000,650,2017,Wagon R Stingray,True,6700000
105721,650,2017,Wagon R Fx,False,5650000
102000,1000,2016,Celerio,True,5075000
121914,650,2016,Alto,True,5475000
113000,650,2018,Wagon R Fz,True,6650000
88000,650,2014,Wagon R Stingray,False,5850000
35565,650,2016,Wagon R Fx,False,6000000
67499,1000,2019,Baleno,True,8050000
85329,1000,2016,Celerio,True,5550000
110000,1000,2017,Celerio,True,5475000
55000,1000,2015,Celerio,True,5425000
142000,1000,2015,Celerio,True,4850000
79000,1000,2015,Celerio,True,5450000
92225,998,2012,A-Star,True,4350000
93611,650,2017,Wagon R Fz,True,6495000
65000,1000,2015,Celerio,True,5500000
85000,650,2016,Wagon R Fz,False,5350000
115000,1000,2016,Celerio,True,5290000
131500,660,2017,Wagon R Stingray,True,7150000
125000,1300,2007,Swift,True,5475000
80364,650,2017,Wagon R Fz,False,6790000
82400,660,2018,Wagon R Stingray,False,6650000
71000,1000,2016,Celerio,True,5175000
116811,998,2013,A-Star,True,4790000
114000,660,2016,Wagon R Fz,True,5575000
134521,650,2018,Wagon R Fx,False,5850000
145000,650,2017,Wagon R Fx,False,5650000
67790,660,2018,Alto,True,6000000
139500,650,2008,Alto,True,3940000
4000,660,2023,Mira,True,6390000
124000,650,2017,Wagon R Stingray,True,6724000
73557,650,2018,Wagon R Stingray,False,7195000
86900,1000,2015,Celerio,True,5550000
115000,1300,2017,Swift,False,7900000
131000,1000,2014,Celerio,True,4990000
131000,660,2016,Wagon R Fx,True,5550000
102000,660,2017,Wagon R Fz,False,6200000
169999,1300,2014,Swift,True,6500000
94000,1000,2016,Celerio,True,4975000
144999,998,2015,Celerio,True,4800000
89800,1000,2015,Celerio,True,5150000
107701,1490,2010,Swift,True,5595000
126878,650,2017,Wagon R Fz,True,6775000
119000,660,2014,Wagon R Stingray,False,5800000
94000,660,2018,Wagon R Fx,True,6700000
3600,660,2024,Wagon R,True,7030000
134575,1000,2012,A-Star,True,4300000
102000,650,2015,Wagon R Fz,False,6100000
120000,1300,2013,Fit,False,6975000
88000,1300,2017,Swift,True,7395000
171000,660,2017,Wagon R Fz,False,6300000
5,660,2025,Wagon R Fx,False,8200000
137424,1300,2007,Swift,True,5175000
67600,1000,2017,Swift,True,8275000
138786,1000,2016,Celerio,True,4800000
26000,1000,2018,Celerio,True,5825000
131000,1320,2007,Swift,True,5600000
93390,650,2015,Wagon R Stingray,True,5700000
61500,650,2018,Wagon R Fz,False,6650000
128500,650,2010,Alto,True,4550000
78000,900,2017,Celerio,True,5725000
102000,650,2017,Wagon R Fx,True,5900000
92000,1200,2017,Swift,True,7750000
56423,650,2017,Wagon R Stingray,False,6990000
72676,650,2018,Wagon R Stingray,False,7095000
56000,1000,2018,Swift,True,8850000
122000,660,2017,Wagon R Fz,False,6450000
78195,650,2018,Wagon R Fx,False,5975001
0,660,2024,Taft,True,8300000
8500,650,2024,Wagon R,True,8700000
72500,1000,2017,Swift,True,7750000
83000,650,2017,Alto,True,6500000
96883,650,2015,Hustler,True,5890000
109000,1000,2017,Swift,True,8300000
93500,650,2015,Wagon R,False,6050000
93000,650,2016,Spacia,False,5690000
130800,1300,2010,Swift,True,5890000
96000,650,2017,Alto,True,5600000
86000,650,2018,Wagon R Stingray,False,5750000
65118,650,2017,Wagon R Fx,False,5990000
85000,650,2017,Wagon R Fx,True,6275000
6505,650,2024,Wagon R Fx,True,7450000
76305,650,2018,Wagon R Fz,False,6590000
121000,660,2016,Spacia,True,5600000
153000,650,2014,Wagon R Fz,False,5490000
167500,1000,2015,Celerio,True,4600000
57000,1000,2015,Celerio,True,5800000
2000,660,2024,Alto,True,6950000
6000,650,2024,Alto,True,6695000
82000,660,2016,Wagon R,True,5700000
103000,660,2016,Alto,True,5250000
97246,650,2017,Wagon R Fx,False,5825000
79000,660,2018,Alto,True,5400000
73000,1000,2017,Tank,True,8190000
210000,1500,2008,Prius,False,6100000
73000,1000,2016,Vitz,True,7275000
145000,1000,2015,Passo,True,6050000
126000,1800,2011,Prius,False,10000000
92000,1000,2015,Vitz,True,6900000
144000,1500,2015,Aqua,False,8000000
61900,1000,2017,Vitz,True,7590000
94781,990,2015,Vitz,True,7190000
89520,990,2017,Vitz,True,7575000
81000,1496,2016,Aqua,False,9000000
93737,1000,2017,Vitz,True,7850000
74179,1496,2013,Aqua,False,6950000
9000,1000,2024,Yaris,True,9490000
176000,1800,2013,Prius,True,9950000
105400,1000,2016,Vitz,True,7150000
182150,1490,2014,Aqua,False,7490000
42000,1000,2017,Vitz,True,7500000
200500,1000,2008,Vitz,True,5450000
64000,990,2017,Vitz,True,7950000
48000,1500,2013,Aqua,True,8300000
47000,990,2018,Vitz,True,8500000
128000,1500,2012,Aqua,False,6600000
158000,1500,2013,Aqua,False,7980000
41000,1000,2018,Vitz,True,9000000
58000,1000,2018,Vitz,True,7650000
93000,1000,2008,Vitz,True,5500000
180000,1490,2015,Aqua,False,8200000
188499,1500,2015,Aqua,False,7850000
182000,1500,2008,Prius,False,6350000
140000,990,2008,Vitz,True,5500000
120000,1500,2015,Aqua,False,7900000
187000,1500,2011,Prius,False,6950000
92000,1000,2018,Vitz,True,7850000
165000,1000,2010,Passo,True,4980000
118000,1000,2015,Vitz,True,6575000
167000,1300,2008,Vitz,True,5900000
55679,990,2019,Vitz,True,8500000
10359,650,2022,Pixis,True,7195000
66057,1000,2008,Vitz,True,5750000
113000,1500,2014,Aqua,True,7600000
110000,1300,2007,Vitz,True,5250000
48000,996,2019,Passo,True,7490000
146504,1490,2012,Aqua,False,7690000
124000,1000,2014,Passo,True,5550000
125000,1000,2015,Vitz,True,7200000
105322,990,2018,Vitz,True,8500000
101000,1500,2012,Aqua,True,7250000
159051,1496,2014,Aqua,False,7800000
96214,998,2017,Wigo,True,5950000
95000,1000,2019,Vitz,True,8250000
70000,1000,2019,Vitz,True,8500000
32000,990,2018,Vitz,True,8750000
90706,1000,2015,Vitz,True,7250000
162000,1500,2013,Aqua,True,7350000
53200,990,2017,Vitz,True,7800000
113000,1000,2015,Vitz,True,7150000
14772,1000,2019,Vitz,True,9000000
145000,1000,2019,Vitz,True,7800000
99000,1000,2017,Swift,True,7750000
160000,1500,2013,Aqua,True,7800000
125000,1500,2014,Aqua,True,8000000
130456,1000,2009,Vitz,True,5550000
158600,1500,2014,Aqua,False,7390000
88300,1500,2013,Aqua,False,7450000
30000,1000,2019,Vitz,True,8450000
120609,1500,2007,Vitz,True,5300000
54844,1000,2015,Vitz,True,7600000
250000,2500,2008,Ist,True,6400000
146000,1498,2012,Aqua,False,7450000
87500,1000,2016,Vitz,True,7650000
120715,1500,2012,Aqua,True,7250000
139000,1500,2012,Aqua,True,7525000
69668,990,2018,Vitz,True,8390000
170000,1300,2007,Vitz,True,5475000
134000,1000,2016,Vitz,True,6950000
95273,990,2013,Passo,True,6290000
78933,990,2018,Vitz,True,8090000
168000,1300,2007,Vitz,True,5400000
93193,1000,2016,Vitz,True,7350000
128000,1300,2011,Fit,True,6200000
98000,1000,2018,Vitz,True,7695000
200000,1000,2007,Vitz,True,5375000
150000,1000,2015,Vitz,True,6900000
76000,650,2018,Pixis,True,6485000
170000,990,2008,Vitz,True,5800000
142100,1500,2012,Aqua,False,7050000
93000,1000,2018,Wigo,True,6600000
140000,1490,2013,Aqua,False,7600000
110000,1496,2014,Aqua,False,7225000
82000,1000,2015,Vitz,True,7000000
45000,1000,2017,Vitz,True,7690000
93000,1496,2015,Aqua,False,7850000
173000,1490,2014,Aqua,False,7500000
54000,1000,2018,Vitz,True,8400000
80000,990,2016,Vitz,True,7200000
60000,650,2016,Pixis,True,5475000
37770,990,2018,Vitz,True,8650000
85000,1000,2015,Vitz,True,7000000
76000,990,2018,Vitz,True,7990000
118000,1000,2007,Passo,True,4975000
95568,990,2016,Passo,True,6890000
184500,1798,2010,Prius,False,9550000
166000,1000,2015,Vitz,True,6900000
170000,1500,2013,Aqua,False,7250000
162000,1000,2008,Vitz,True,5350000
112443,1500,2014,Aqua,False,7250000
38000,1000,2019,Vitz,True,7550000
83000,1496,2015,Aqua,False,8750000
85000,1000,2018,Vitz,True,7950000
100005,990,2019,Vitz,True,8650000
97601,1000,2013,Passo,True,5800000
81500,1000,2017,Wigo,True,6450000
82500,1000,2019,Vitz,True,9200000
176000,1500,2012,Aqua,False,7150000
69000,1000,2018,Vitz,True,8650000
78982,990,2018,Vitz,True,8500000
102000,990,2016,Vitz,True,7200000
86000,1500,2015,Aqua,False,8900000
74800,990,2017,Vitz,True,8300000
72000,990,2018,Vitz,True,8350000
133622,990,2016,Vitz,True,7375000
52640,1000,2023,Roomy,True,9850000
139000,1000,2016,Vitz,True,6990000
97000,1000,2016,Vitz,True,7500000
157689,1490,2015,Aqua,False,8900000
49385,1000,2016,Vitz,True,7100000
218700,1500,2012,Aqua,False,7200000
62652,990,2008,Vitz,True,5850000
5000,1000,2024,Yaris,True,9000000
36000,900,2018,Vitz,True,8900000
156000,1496,2014,Aqua,True,7300000
117000,1000,2019,Vitz,True,8150000
41195,650,2018,Pixis,True,6890000
200000,1496,2013,Aqua,False,7200000
46000,1000,2018,Vitz,True,8150000
145000,990,2008,Vitz,True,5300000
111000,1500,2012,Aqua,False,7000000
88000,1500,2013,Aqua,False,7100000
61000,1000,2016,Vitz,True,6700000
157000,1000,2008,Vitz,True,5100000
96457,990,2017,Vitz,True,7690000
53000,1000,2018,Vitz,True,7800000
88600,1000,2019,Vitz,True,8400000
161000,1496,2013,Aqua,False,7650000
89000,1490,2012,Aqua,False,7590001
35000,1000,2019,Vitz,True,8650000
79000,1000,2018,Vitz,True,7825000
142000,1500,2012,Aqua,False,6475000
55470,990,2017,Vitz,True,7990000
56000,990,2017,Vitz,True,8200000
243,1000,2025,Yaris,True,9950000
41500,1000,2018,Vitz,True,7950000
129000,1000,2017,Wigo,True,5600000
170000,1500,2013,Aqua,False,7150000
74000,1000,2018,Vitz,True,7800000
62530,1000,2015,Vitz,True,7150000
90000,1000,2017,Tank,True,7500000
7800,996,2023,Passo,True,8100000
57600,990,2017,Vitz,True,7900000
153339,1490,2012,Aqua,False,6350000
149000,1500,2014,Aqua,False,7350000
124000,1300,2011,Yaris,True,6475000
148000,1200,2012,Aqua,False,7700000
61000,990,2018,Vitz,True,7900000
98000,1000,2017,Vitz,True,7500000
170000,1000,2007,Vitz,True,5090000
156200,1490,2014,Aqua,True,7800000
188000,1300,2010,Vitz,True,6100000
123000,1798,2013,Prius,False,10000000
93000,1490,2014,Aqua,True,7800000
93000,1500,2014,Aqua,True,7600000
80000,1000,2017,Vitz,True,8000000
120000,1000,2008,Passo,True,4600000
166000,1500,2012,Aqua,True,6490000
108000,1000,2016,Vitz,True,6950000
100478,1490,2014,Aqua,False,7990000
16990,990,2023,Yaris,True,9190000
106000,1500,2014,Aqua,False,7350000
37318,1000,2018,Vitz,True,8250000
150000,1000,2007,Vitz,True,4975000
66000,1000,2017,Wigo,True,6500000
137000,1490,2014,Aqua,False,7850000
61000,1000,2023,Yaris,True,8850000
125000,1000,2016,Vitz,True,6975000
24500,1000,2023,Passo,True,8275000
105000,1500,2015,Aqua,False,8790000
78636,1490,2014,Aqua,False,7890000
106316,990,2015,Vitz,True,7700000
68000,1000,2019,Vitz,True,8500000
16500,990,2023,Yaris,True,9150000
175000,1800,2010,Prius,False,9125000
67000,1000,2018,Vitz,True,7900000
140000,1500,2015,Aqua,False,7940000
66000,1000,2016,Vitz,True,7200000
93000,1000,2018,Vitz,True,8000000
56000,1500,2012,Aqua,True,7800000
90000,1000,2007,Vitz,True,5475000
107499,1789,2011,Prius,False,8500000
91134,990,2018,Vitz,True,8490000
69000,1000,2017,Vitz,True,8200000
251000,1300,2010,Vitz,True,5600000
131000,1000,2007,Passo,True,4650000
92329,990,2019,Vitz,True,7800000
185,1500,2013,Aqua,False,7000000
105000,1500,2015,Aqua,True,8350000
238000,1000,2016,Vitz,True,7250000
124000,1500,2014,Aqua,False,9100000
99000,1300,2007,Vitz,True,5875000
143310,1500,2009,Prius,True,5800000
128000,1500,2015,Aqua,False,8875000
17805,1000,2023,Roomy,True,8950000
142000,1500,2012,Aqua,False,6475000
94000,900,2017,Roomy,True,7750000
155800,1000,2010,Vitz,True,5750000
13500,996,2023,Yaris,True,9225000
85000,1000,2009,Passo,True,4850000
143493,990,2010,Vitz,True,5850000
166000,1490,2013,Aqua,False,7400000
86000,1500,2015,Aqua,False,8650000
147000,1000,2007,Vitz,True,4800000
165000,1300,2007,Ractis,True,7250000
152000,1000,2007,Vitz,True,5300000
121000,1000,2007,Vitz,True,5300000
103000,1500,2014,Aqua,False,7225000
187000,996,2007,Passo,True,4700000
117000,1000,2015,Vitz,True,6950000
75000,1000,2017,Wigo,True,6250000
152570,990,2018,Vitz,True,8500000
120000,1000,2015,Vitz,True,6850000
153500,1496,2014,Aqua,False,7400000
133334,990,2008,Vitz,True,5850000
152000,1500,2015,Aqua,False,7350000
91000,1500,2014,Aqua,True,8400000
47000,1000,2018,Vitz,True,7850000
111000,650,2017,Pixis,True,6250000
125000,1000,2008,Vitz,True,5950000
85000,1000,2017,Vitz,True,7650000
145000,1000,2009,Vitz,True,5175000
129000,990,2015,Passo,True,6290000
191955,1490,2012,Aqua,False,6975000
128000,1500,2015,Aqua,False,8900000
131000,1500,2015,Aqua,False,8500000
65000,1000,2018,Vitz,True,7850000
120000,1300,2013,Fit,False,6975000
137000,1490,2012,Aqua,False,6950000
150000,1500,2015,Aqua,False,8550000
33100,1000,2018,Vitz,True,8500000
170000,1500,2013,Aqua,True,7500000
194000,1500,2014,Aqua,False,7500000
114000,1500,2015,Aqua,False,7950000
128000,1000,2010,Vitz,True,5500000
138000,1500,2013,Aqua,False,7400000
78000,1000,2015,Aqua,False,8700000
30000,990,2018,Vitz,True,8400000
165000,1500,2015,Aqua,False,8500000
162000,1000,2010,Vitz,True,5990000
78067,1000,2017,Vitz,True,8050000
190000,1490,2013,Aqua,False,7000000
273515,1490,2010,Allion,True,9850000
141000,990,2015,Vitz,True,7150000
82014,650,2015,Pixis,True,5390000
96000,1798,2011,Prius,False,9500000
125000,1000,2007,Vitz,True,5375000
8500,650,2024,Wagon R,True,8700000
116000,1000,2008,Vitz,True,5450000
101000,1000,2018,Vitz,True,8000000
210000,1500,2012,Aqua,False,7000000
24805,1000,2023,Roomy,True,8850000
49000,1000,2018,Vitz,True,7850000
100000,1500,2007,Ist,True,6850000
97500,1000,2017,Passo,True,6800000
80296,1000,2015,Vitz,True,7800000
93000,1000,2018,Vitz,True,7795000
19980,990,2018,Vitz,True,8000000
76000,1500,2013,Aqua,False,7250000
51000,1000,2017,Vitz,True,7990000
150000,1500,2016,Aqua,False,9200000
59000,1000,2019,Vitz,True,8650000
52000,990,2017,Passo,True,7500000
45789,990,2017,Vitz,True,7995000
198512,1490,2012,Aqua,False,6800000
204,1500,2012,Aqua,False,7100000
160000,1000,2017,Vitz,True,7400000
72000,1000,2007,Vitz,True,5500000
105000,1000,2017,Vitz,True,7495000
32000,1000,2018,Vitz,True,8350000
37394,1000,2019,Vitz,True,8275000
130000,1000,2017,Vitz,True,7500000
111000,1500,2012,Aqua,False,7000000
145000,1000,2005,Vitz,True,4950000
3500,660,2025,Mira,True,6600000
89000,650,2017,Mira,True,5275000
79000,660,2016,Mira,True,5190000
14000,650,2025,Taft,True,8650000
125000,650,2017,Move,True,6275000
1100,658,2025,Tanto,True,9800000
47000,990,2018,Vitz,True,8500000
82000,660,2018,Mira,True,5800000
9805,658,2024,Taft,True,8150000
93000,650,2016,Mira,True,5400000
3600,660,2024,Wagon R,True,7030000
8000,650,2024,Mira,True,6450000
1004,658,2025,Taft,True,7750000
177000,660,2016,Cast Activa,True,5500000
61500,650,2018,Move,True,6895000
118000,660,2017,Cast Activa,True,5790000
5913,650,2025,Mira,True,6590000
178000,650,2008,Mira,True,4275000
10000,650,2024,Mira,True,6790000
5400,660,2017,Mira,True,5550000
145000,1500,2014,Fit,True,7950000
14000,660,2023,Taft,True,8300000
121000,650,2017,Mira,True,5175000
78000,658,2016,Move,True,5790000
93600,650,2015,Mira,True,5350000
74000,650,2018,Move,True,6695000
125750,650,2016,Mira,True,4950000
11960,660,2023,Move,True,7300000
11000,660,2022,Cast Activa,True,7550000
79000,650,2017,Move,True,6695000
13000,660,2024,Mira,True,6590000
89261,650,2015,Mira,True,5590000
18000,660,2024,Taft,True,7790000
110208,650,2015,Mira,True,5590000
155000,1500,2014,Fit,False,8500000
120000,1500,2016,Fit,False,8635000
140000,1330,2013,Fit,True,6900000
61000,650,2017,N-Wgn,True,6700000
128000,1300,2012,Fit,False,6750000
190000,1500,2012,Fit,False,6450000
128000,1300,2011,Fit,True,6200000
195000,1300,2009,Insight,False,6800000
108200,1500,2014,Fit,False,7860000
124000,1500,2013,Fit,False,6450000
200000,1000,2007,Vitz,True,5375000
145000,1500,2015,Fit,False,7350000
142000,1300,2013,Fit,False,6890000
139000,1500,2014,Fit,False,7400000
147500,1330,2012,Fit Shuttle,False,8375000
118269,1330,2012,Fit,False,5989998
81239,650,2016,N-Wgn,True,6790000
216000,1300,2013,Fit,False,6750000
90000,1500,2014,Fit,False,7650000
162500,1500,2013,Fit,True,7650000
99926,1490,2014,Fit,False,7275000
163757,1490,2014,Fit,True,8100000
113000,1500,2015,Fit,True,7800000
155000,1330,2013,Fit,False,6675000
120000,1330,2012,Fit,True,6380000
65000,1300,2013,Fit,False,6850000
143913,1490,2015,Fit,False,8150000
134200,1300,2012,Fit,False,6150000
85000,1300,2013,Fit,False,6690000
192600,1300,2012,Fit,False,6325000
3596,660,2023,N-Wgn,True,8250000
160000,1300,2014,Fit,False,7100000
123000,1500,2014,Fit,False,7900000
120000,1300,2010,Fit,False,6500000
148000,1500,2014,Fit,False,7500000
148556,1500,2014,Fit,False,8500000
139000,1500,2014,Fit,False,8300000
168000,1330,2011,Fit,False,6350000
64000,1300,2013,Fit,False,6750000
132000,1500,2015,Fit,False,8000000
37770,990,2018,Vitz,True,8650000
120000,1300,2013,Fit,False,6975000
140000,1330,2011,Fit,False,6500000
80190,1500,2013,Fit,False,8200000
182000,1330,2012,Fit,False,5900000
132000,1339,2013,Fit,False,6475000
108000,1500,2014,Fit,True,7500000
200000,1330,2013,Fit,False,6150000
163000,1500,2014,Fit,False,7290000
92000,1499,2013,Fit,True,7490000
69000,650,2017,N-Box,False,6690000
150000,1500,2013,Fit,False,7600000
128000,1330,2012,Fit,False,6000000
108000,1500,2014,Fit,True,8200000
129000,1339,2013,Fit,False,7525000
135000,1300,2013,Fit,False,6750000
159000,1330,2008,Fit,True,5850000
118280,1500,2015,Fit,True,8250000
133000,1500,2014,Fit,True,7400000
105736,1490,2014,Fit,False,7990000
145000,1500,2014,Fit,True,7875000
86000,1300,2014,Fit,True,7000000
38200,1300,2010,Fit,True,5950000
67000,660,2017,N-Box,True,6800000
98000,1200,2013,Fit,True,6800000
91000,1300,2008,Fit,True,5650000
152000,1330,2012,Fit,True,6849998
140211,1330,2010,Fit,True,5825000
194000,1500,2014,Fit,False,8350000
198000,1300,2010,Insight,True,7250000
130000,1330,2012,Fit,False,6585000
211250,1330,2007,Fit,True,4700000
145000,1500,2014,Fit,True,7950000
95000,1500,2015,Fit,False,7995000
152000,1500,2014,Fit,False,7150000
97000,1500,2014,Fit,False,7800000
94000,1500,2015,Fit,False,7900000
195000,1500,2015,Fit,False,7850000
186951,1339,2011,Fit,False,6400000
140000,1490,2015,Fit,False,7725000
103199,1496,2014,Fit,False,7250000
136000,1500,2012,Insight,True,8100000
84252,1330,2010,Fit,True,6590000
239000,1490,2014,Fit,False,7400000
173000,1300,2011,Fit,True,6550000
128000,1330,2011,Fit,True,5975000
160000,1500,2014,Fit,False,7250000
129000,1496,2014,Fit,False,7150000
96000,1500,2015,Fit,False,7995000
178900,1300,2022,Fit,True,4500000
147000,1500,2014,Fit,False,7590000
122000,1490,2014,Fit,False,7250000
41789,660,2019,N-Wgn,True,6450000
145000,1500,2012,Fit,False,7250000
200000,1490,2014,Fit,False,7500000
170000,1330,2013,Fit,True,6490000
126000,1300,2012,Fit,False,6525000
135000,1500,2016,Fit,False,8650000
141026,1500,2010,Fit,False,8000000
109000,1500,2014,Fit,False,7750000
175000,1500,2013,Fit,False,6875000
60100,1500,2014,Fit,False,8200000
183000,1300,2013,Fit,True,6500000
110000,1500,2013,Fit,False,7250000
172108,1490,2014,Fit,False,7490000
99350,1500,2013,Fit,False,7800000
109000,660,2014,Wagon R Stingray,True,5625000
12741,650,2023,Ek Wagon,True,7075000
121000,1000,2007,Vitz,True,5300000
96099,650,2015,Ek Wagon,True,5890000
